"V1","V2","V3","V4","V5","V6","V7","V8","V9","V10","V11","V12","V13","V14","V15","V16","V17","V18","V19","V20"
0.99864487004586,8.6649342145874e-05,5.20885286548944e-06,3.15986738725135e-05,0.000153842911757473,5.68411095843302e-06,0.000832744938420363,1.29712231723206e-06,3.37267545649833e-05,1.73987343462367e-05,1.45316250637761e-05,5.90164982918725e-07,3.9104555999431e-07,4.0856027294187e-06,2.49038842773743e-06,4.33191334015386e-07,1.85688996829945e-05,3.82984217783376e-07,1.24211845903707e-05,0.000133083426302215
0.000423897968822867,0.986162183455982,1.45101489708031e-05,0.00985612040312051,0.000172888638480486,4.33142613902822e-05,0.000328685171708634,3.62836345595106e-06,3.07550847948477e-05,0.000646363497614463,0.00115760125382289,1.96602862072747e-06,1.36313718240843e-06,1.17430557179585e-05,6.46216656045308e-06,1.40725773266467e-06,3.66647233194853e-05,1.34846127192165e-06,2.4581668313185e-05,0.00107451525311783
2.0204177211282e-05,6.80724740282868e-06,0.839149153288558,2.73143086289846e-06,0.000127566383519288,1.18040118430797e-06,2.87964441032114e-05,1.83412790127675e-05,0.000452366725185506,1.74081790470176e-06,1.72072184778603e-06,4.71267598200173e-06,2.2547307320938e-06,0.151528422414063,0.000778212263775543,2.00337074338174e-06,0.00214435441813497,2.14218613267038e-06,0.00571097238067751,1.63166429661731e-05
0.000262404687509621,0.00464544673846163,6.57077242897519e-06,0.946398995212062,5.57308836923558e-05,6.29206664381713e-05,0.000125423955486747,2.34310861127955e-06,1.44375726541194e-05,0.00477971423861006,0.0434445462917949,1.37033759900929e-06,9.93434920046482e-07,5.57744834346478e-06,3.48724658126659e-06,1.03308335110032e-06,1.44417621875776e-05,9.74507470561719e-07,1.00965297512436e-05,0.000163491522045379
0.00120801340781177,9.76395855912504e-05,0.000118056735208858,2.44573988468838e-05,0.964910044767063,5.16697939026075e-06,0.0299808798717641,7.53856713733376e-06,0.000735594043659645,1.12298573348587e-05,1.17216724508862e-05,2.91695756872761e-06,1.74956804162473e-06,7.49905053431263e-05,2.68170625155068e-05,1.79528249945234e-06,0.00174851324544765,1.7533284594655e-06,0.000299150180762229,0.000731970983102904
2.35519549085903e-06,2.85062985387937e-06,1.49252207679427e-07,6.24835175022728e-06,5.30588250703765e-07,0.999950094970181,9.11551627545104e-07,9.58514052601774e-08,3.41289321065931e-07,2.57773352208244e-05,8.9716843693846e-06,6.54812459042303e-08,5.5357225195417e-08,1.32805011682235e-07,1.08673396728601e-07,6.40346800137397e-08,2.40574131598028e-07,5.26845945004114e-08,2.26180726363418e-07,7.27509310019329e-07
4.59762954291902e-06,4.98874381818229e-06,2.77520671888262e-07,1.0115888229676e-05,1.01477362660718e-06,0.999919988078418,1.76559642894069e-06,1.84048152992615e-07,6.60099580900726e-07,3.93317850222903e-05,1.39143732323607e-05,1.27002587230468e-07,1.08550546901694e-07,2.47213713522538e-07,2.04621904347378e-07,1.27006141208354e-07,4.5557644085066e-07,1.03482881942086e-07,4.25979686578704e-07,1.36202937266609e-06
2.1794370690475e-05,6.74257235132426e-06,0.929763123080887,2.67689857704249e-06,0.0001436267507681,1.20141250523096e-06,3.26423525018522e-05,1.94291612178313e-05,0.000604878791878926,1.74139564646303e-06,1.69280801505383e-06,4.94329786145334e-06,2.4137733078497e-06,0.0606198802202321,0.000670743736805858,2.19982804338665e-06,0.00261655607807513,2.28700299104546e-06,0.00546473865719233,1.66878104515113e-05
2.20097424720898e-05,6.79473279503798e-06,0.961082295237094,2.64356281452483e-06,0.000146443240494365,1.18292122645043e-06,3.22320177150585e-05,1.50836853091338e-05,0.000623633988499725,1.72237753955098e-06,1.66798528727558e-06,3.88667465263434e-06,1.91955117382029e-06,0.0241970918216701,0.000518708989700221,1.77864446318837e-06,0.00212983294312843,1.82991894657093e-06,0.0111925059316891,1.67360333283593e-05
0.000624576477913057,4.87791919572866e-05,9.68786293757208e-06,1.09054527669004e-05,0.0041263082981424,1.69704716709192e-06,0.994745132647731,1.18344191307419e-06,5.15969461355835e-05,4.56123970932917e-06,4.75152657154531e-06,5.06764729325241e-07,3.22640084126791e-07,6.73904087412223e-06,3.05894110013317e-06,3.40200219980122e-07,6.60043699629287e-05,3.21687601860254e-07,2.37280366466639e-05,0.000269798185836286
2.07502395419196e-05,7.67681100667179e-06,5.3392486018912e-05,5.09875210661094e-06,2.47923572491815e-05,3.74278438661442e-06,1.77932405036669e-05,0.673178747232561,8.08115732858417e-05,4.24996729535898e-06,3.82397743766932e-06,0.313242977497196,0.00665542710669956,8.77231146787301e-05,0.000436478511889498,0.00163269278530389,4.51538888925322e-05,0.0044273663782678,5.99970030400479e-05,1.13042926392526e-05
4.79584800534519e-06,1.52335195934399e-06,1.65381742592723e-05,9.23326004145829e-07,6.35905115878763e-06,6.53700002369975e-07,4.09305836275617e-06,0.997318692548579,2.8157075561227e-05,7.55291637498726e-07,6.7265021743869e-07,0.00194744283089357,0.00016844464228295,2.97349982830903e-05,0.00022619747494532,7.95888275811768e-05,1.32468603794142e-05,0.000129868665737753,1.98572677873298e-05,2.45435636263727e-06
0.000144335378587258,1.61342260592556e-05,0.000697624769928163,5.45044344691959e-06,0.00165163757360504,2.10894246113028e-06,0.000250578952777761,1.74947946769856e-05,0.988050302323784,3.38450784810774e-06,3.14743549068978e-06,4.64691266008582e-06,2.34651034287821e-06,0.000453978027842504,0.000142662350119445,2.32243787897355e-06,0.00624212265054083,2.26407655271062e-06,0.00224541042212537,6.2047263272088e-05
5.14679470299428e-05,0.000180561294360572,1.84825811746473e-06,0.00323156389600537,8.94668121394485e-06,0.000400780728009025,1.78534487399754e-05,9.79388366503568e-07,4.2338329478377e-06,0.974275677504256,0.0217973087835322,6.3900923663801e-07,5.11121165763411e-07,1.61844449848944e-06,1.20975731399588e-06,5.65875188801243e-07,3.28875598406246e-06,4.91304366462631e-07,2.84436223179187e-06,1.76096074348127e-05
2.83908263168745e-05,0.000228476582354177,1.00140326501311e-06,0.0307279082444554,5.55056485546961e-06,5.01569983769249e-05,1.13789537754367e-05,4.55885612404483e-07,2.15002561448787e-06,0.0773958474958396,0.891529998371007,2.89082250279521e-07,2.24938556433775e-07,8.62757267199198e-07,6.03997978058599e-07,2.43182220898131e-07,1.85946979976898e-06,2.18337277877133e-07,1.51744838838197e-06,1.28654347885594e-05
2.82484360425594e-05,0.000282155786596453,9.48330814962054e-07,0.102129191324262,5.92161893862297e-06,2.70667345150877e-05,1.23528678406792e-05,4.02081956105744e-07,1.99518558077779e-06,0.0081782439275919,0.889313829890595,2.49408310901369e-07,1.893155427665e-07,8.14701521246684e-07,5.48824277093469e-07,2.00560297260707e-07,1.84362170590798e-06,1.84389656009025e-07,1.41444703349634e-06,1.41985469204158e-05
0.000804151087249797,0.944169322119972,1.65905080676766e-05,0.0441999396538895,0.000168908198339566,0.000141327205928199,0.000403437553022149,5.16562928698791e-06,4.09425492648763e-05,0.00406893323287893,0.004993613118936,2.91942815486787e-06,2.1232792526262e-06,1.35113992655033e-05,8.31147518485672e-06,2.29389085710519e-06,3.83728371235135e-05,2.09917253035045e-06,2.98988009791724e-05,0.000888138859816547
7.06516677126944e-06,2.5061538829604e-06,2.10361019685736e-05,1.62171459463899e-06,8.85137950207089e-06,1.20514425323331e-06,6.12742036455717e-06,0.949502967117714,3.18722218627824e-05,1.36028481484668e-06,1.21577837242265e-06,0.0473120872956523,0.00145232371443557,3.55339862620427e-05,0.00021050908881363,0.000429431077529373,1.70761370949121e-05,0.000929448150532812,2.39546708545002e-05,3.80739472365686e-06
1.83102075158287e-06,7.34687746463131e-07,3.55645348829684e-06,5.19022389814091e-07,1.94680921707701e-06,4.30248015712287e-07,1.52197921603353e-06,0.00272981278089268,5.4636464520687e-06,4.58499960558174e-07,4.04583242031931e-07,0.978059393220596,0.0131532795130766,5.33684215932986e-06,2.10141851751635e-05,0.00111445398147051,3.17167535935217e-06,0.00489152372677637,4.14512041886817e-06,1.00200359517264e-06
2.14299329615029e-06,9.28984045191452e-07,3.11723835261861e-06,6.85259392445565e-07,2.07274862528517e-06,6.51489827001783e-07,1.77018502024021e-06,0.000243682900169877,4.9712400929973e-06,6.40849900236376e-07,5.50699342736772e-07,0.00540017099908043,0.599106659359575,4.26100126882329e-06,1.23469021011706e-05,0.077348857050602,3.05267426246774e-06,0.31785848532707,3.7739013366817e-06,1.178196638112e-06
3.65360741321954e-05,0.000154152518679907,1.21275402904934e-06,0.00435206339279022,6.2467184604191e-06,0.000139915640798347,1.27915433460178e-05,6.21784087071543e-07,2.76994078831717e-06,0.954807387831792,0.040466125246775,3.9847310060909e-07,3.13914606744628e-07,1.06089929916983e-06,7.81824229355177e-07,3.44513669822476e-07,2.18856499500827e-06,3.01613955449447e-07,1.87793433249387e-06,1.29088161332048e-05
7.17702994615724e-06,2.3842627798212e-06,0.970815320288344,9.67797095576428e-07,4.64245095819247e-05,4.27818625194397e-07,1.05508601602526e-05,6.47021872742791e-06,0.000162088835040018,6.24625163930083e-07,6.1536954791532e-07,1.67973113719129e-06,8.16102861124203e-07,0.0260021781305818,0.000237166880999054,7.30572085100307e-07,0.000723360725800908,7.73358758166712e-07,0.00197451761880505,5.72526395990684e-06
1.35355889461231e-05,4.44995816837167e-06,0.10587031218975,1.85225073145892e-06,8.68636030497607e-05,8.19600352951023e-07,2.04713599255626e-05,1.90207921258075e-05,0.000343675742983766,1.18831846577079e-06,1.17799589298261e-06,4.56052839105823e-06,2.11121590382877e-06,0.888873118388686,0.00108989460716124,1.83749618627043e-06,0.00155671235074579,2.00706859650668e-06,0.00209539464242178,1.09963015149546e-05
0.000164108894111156,0.997904326889953,3.36518402969952e-06,0.00105665654494979,4.31830715670386e-05,1.36499805814551e-05,9.80629789999291e-05,8.32849745708825e-07,8.37007071388754e-06,0.000165141605775212,0.000190326379995969,4.46023845666728e-07,3.15287356721702e-07,2.63360374635567e-06,1.50149459725775e-06,3.40259172710551e-07,8.48326236873051e-06,3.12079896513016e-07,6.55856835641682e-06,0.000331384970237142
4.20145675811452e-05,1.25285416916481e-05,0.0127491303767583,5.85385077904878e-06,0.000150354977129227,3.08160741803646e-06,5.03860745720008e-05,0.00039302090720202,0.00113512564777385,4.13032236919591e-06,3.9090965862903e-06,5.92931629135751e-05,2.22386007414012e-05,0.172269674039591,0.80831953870526,1.78174838379258e-05,0.00126931677479343,2.02118996088551e-05,0.00344507043615555,2.73029272376841e-05
1.09990984051998e-05,3.43014299818367e-06,0.035857793991163,1.48562955179225e-06,5.45080472093719e-05,6.80377783832999e-07,1.48360973066438e-05,2.48384271199653e-05,0.000313233619128409,9.8149510064365e-07,9.56604123298878e-07,5.26332459371148e-06,2.28986988365943e-06,0.958265700999992,0.00307964601780361,1.9400079975458e-06,0.000728058577234949,2.13838252937215e-06,0.00162317322460211,8.04606547253283e-06
6.89259325665571e-05,0.000836220427870185,2.01160574580969e-06,0.370131080160243,1.3310287244496e-05,6.01047621867295e-05,2.92457508105063e-05,8.45791563547063e-07,4.3552708983128e-06,0.0215768524927951,0.607230721261023,5.20711016885929e-07,3.9427515562976e-07,1.72271757780912e-06,1.16080729687177e-06,4.19828509545982e-07,3.95999629685333e-06,3.83720500227032e-07,3.08933515306443e-06,3.46748655455841e-05
1.25125411211025e-06,5.36639552267847e-07,1.77756104151208e-06,3.98269668623377e-07,1.18636284466444e-06,3.83983253588893e-07,1.01710722360195e-06,0.000153267515592817,2.8674124182354e-06,3.75018758972366e-07,3.20320384042814e-07,0.00338939286578575,0.90273543659687,2.42570919171938e-06,7.13376403996996e-06,0.0473212124829362,1.72737216656948e-06,0.0463764437636356,2.17147600907954e-06,6.74524514209369e-07
8.86542874384064e-05,0.000380366159160003,2.91924725104808e-06,0.00638284425898861,1.4802847123146e-05,0.000360102347870861,3.04306159581718e-05,1.52551012886511e-06,6.86566306792753e-06,0.972702470534694,0.0199804793954678,9.920046703588e-07,7.9742325739386e-07,2.53200837027732e-06,1.89898932757675e-06,8.9486735991017e-07,5.28533385591754e-06,7.68533527030339e-07,4.64086150191349e-06,3.07291109808443e-05
3.70286449754439e-06,4.34366848829397e-06,2.4000108457009e-07,8.83886390917386e-06,8.33425890047678e-07,0.999930280521333,1.43081301157332e-06,1.59917321598235e-07,5.52943776822795e-07,3.47173471701658e-05,1.22052064052409e-05,1.10781018958116e-07,9.46147403000236e-08,2.14057217804862e-07,1.77559349488625e-07,1.10494768259387e-07,3.84395173595906e-07,8.99249066876955e-08,3.66465697220768e-07,1.1461342397819e-06
6.61298706123892e-05,0.000387955608996805,1.81919998948426e-06,0.0144390498960659,1.053056548977e-05,0.000143015037119965,2.2832966682342e-05,8.97944743551641e-07,4.35860109599342e-06,0.947438696324165,0.0374495081906833,5.68190629426933e-07,4.44172494230757e-07,1.5804822419942e-06,1.14967275851744e-06,4.89256104001008e-07,3.44708850568657e-06,4.29768490473896e-07,2.9115310760955e-06,2.4185632055122e-05
7.86843977957618e-05,2.13693311605968e-05,0.248856516193384,8.72147780031828e-06,0.00045566622929121,3.9900484860077e-06,0.000111221281823438,9.0872345181365e-05,0.00266483684794957,5.72395149930591e-06,5.52426317015188e-06,2.04956434746276e-05,9.42775359876977e-06,0.72409742620945,0.00458520246571375,8.45561359760051e-06,0.00731379593392114,8.9132101838704e-06,0.0116005447710934,5.26120314249424e-05
4.07790948606623e-05,0.000313079261421882,1.28967635301515e-06,0.0507660096969202,7.96486412884305e-06,4.0246227505178e-05,1.65036690419017e-05,5.62138779518265e-07,2.79729821135513e-06,0.0129118391784941,0.935873238841709,3.44655648305738e-07,2.59545084290016e-07,1.11694737315117e-06,7.61442793920485e-07,2.74676783872713e-07,2.50382333080368e-06,2.51629069017158e-07,1.93820257767256e-06,1.82391299130699e-05
1.35931719536987e-05,4.94516244571752e-06,0.165773695506864,2.13240663827478e-06,7.44096827064157e-05,9.36909800080161e-07,1.90288694075821e-05,1.96710507277966e-05,0.000271287432938838,1.37972830358924e-06,1.37636437098761e-06,4.86309369381365e-06,2.26358436015304e-06,0.829669877858612,0.00111310625149018,1.95625938461463e-06,0.00102519649275464,2.15225151037666e-06,0.00198690363654263,1.12242854950718e-05
0.000169685752455172,5.16305670394034e-05,0.00126073776622611,2.89104488578329e-05,0.000282189975692305,1.77585962267618e-05,0.000155358186616273,0.931331377023318,0.00146979819848774,2.20665817955407e-05,2.02706333277958e-05,0.00692152241366741,0.00106289052061407,0.00302853468916674,0.0505327537986949,0.000607087010747574,0.000781540234519068,0.000872922698979685,0.00129090715410611,9.2057749461861e-05
4.46106455584322e-05,1.64466327585635e-05,6.13315411726029e-05,1.1602577889895e-05,4.04100287592303e-05,1.15120902832738e-05,3.43218845749198e-05,0.0060677457804998,0.00011536420836638,1.10824581675921e-05,9.17872567708378e-06,0.0511042238776653,0.326036214184995,8.35146931325451e-05,0.000272646517820616,0.548493315405823,6.01571893657736e-05,0.067423100433526,8.19373686543947e-05,2.12837553096336e-05
2.37869077908447e-06,9.40132377634808e-07,5.4872317561528e-06,6.43116884165566e-07,2.72047470416443e-06,4.97580839732384e-07,2.02615534616609e-06,0.00796652969689745,8.00244740895861e-06,5.49262777371748e-07,4.9172400161377e-07,0.984184934541238,0.0045661348585912,8.70864748031934e-06,3.86585880957839e-05,0.000569310981775549,4.7159679294881e-06,0.00262970193326027,6.24180120578208e-06,1.32616665130657e-06
5.43554953502829e-05,1.08315624398049e-05,0.000654209488317162,3.41444480272582e-06,0.00282499324892244,1.13852214192946e-06,0.000157531070591738,7.32272355834686e-06,0.00137787620599296,1.93171588821477e-06,1.9286773657227e-06,2.25038743286206e-06,1.19337477072162e-06,0.000343644512694174,6.24083947043361e-05,1.15320188518727e-06,0.993031456846683,1.17154731669122e-06,0.00141550753459534,4.56810445459874e-05
0.000172627967498267,0.00285761768407599,5.34446610487929e-06,0.690910988136195,3.28545800246853e-05,0.000194250598080436,6.93469560153388e-05,2.38683054848552e-06,1.17092827667714e-05,0.137278263124545,0.168342462412161,1.50408208397882e-06,1.15936442111043e-06,4.59516754057123e-06,3.19171039270715e-06,1.25469853920243e-06,1.03828427961284e-05,1.13319287564594e-06,8.42710254151633e-06,9.04998007942654e-05
3.13741123972281e-05,0.000861145939099892,9.76464945270643e-07,0.955945556800078,6.76768358700032e-06,1.80662124391272e-05,1.46592794920992e-05,3.86368968808539e-07,2.06141877535481e-06,0.00370140811124066,0.0393913062544405,2.36371871101762e-07,1.77844099621084e-07,8.35854233206724e-07,5.4925261798412e-07,1.88683234898566e-07,1.97115466544988e-06,1.74475248316424e-07,1.50930678997179e-06,2.06484117755116e-05
4.09197703093376e-06,1.58831019966023e-06,8.78552485877345e-06,1.0795797470585e-06,4.46807590141715e-06,8.49860951150054e-07,3.38229238264659e-06,0.0116363625852574,1.33751321893074e-05,9.31454261685655e-07,8.23539071277702e-07,0.977660830862042,0.00634798197085307,1.39183552779501e-05,6.31682030323558e-05,0.000977533580900425,7.75785939805499e-06,0.00324053693696775,1.03187973584947e-05,2.21510231838742e-06
6.26828787523809e-07,2.6895117861365e-07,9.68555704684355e-07,1.95953263024253e-07,6.14882095351378e-07,1.82140206633897e-07,5.16183059981607e-07,0.000105630867371428,1.52169272611448e-06,1.8187606904598e-07,1.56445086142896e-07,0.0033927232916191,0.960137232408105,1.34499223928289e-06,4.14747830079469e-06,0.0100615761091722,9.26529440969713e-07,0.026289659191206,1.18037249840099e-06,3.45251869237265e-07
5.81450157456776e-06,1.62436017602475e-06,0.00068343149349181,7.6533538555605e-07,1.78561838334968e-05,4.29599719552783e-07,6.42785632572725e-06,8.60026432323678e-05,0.000155861562980997,5.57407271873779e-07,5.14863125767912e-07,1.08429746833041e-05,3.81841555093371e-06,0.0033871341630006,0.995093054681674,3.08328656385196e-06,0.000111575528845096,3.42873530231795e-06,0.00042428477177221,3.49163549053162e-06
4.81849384959301e-07,2.05978841742202e-07,7.306384394041e-07,1.48012590960854e-07,4.80239062487484e-07,1.31925358166517e-07,4.03261651900283e-07,7.57460071695639e-05,1.16013068682633e-06,1.34020945419856e-07,1.16551953862858e-07,0.00187397499424928,0.0115156498714051,1.01499863850389e-06,3.00788615403518e-06,0.00319564863647265,7.20703197518129e-07,0.983329090330134,8.87259482963086e-07,2.66704180240398e-07
0.000103902071493638,0.000395647057785263,3.99349652409257e-06,0.00763047171389783,1.95609975388806e-05,0.00121464819445583,3.82396233971612e-05,2.00195668914697e-06,8.72983062148394e-06,0.934492790934619,0.0560280809790144,1.29633106545946e-06,1.02707192780359e-06,3.48704935810011e-06,2.54456504610756e-06,1.12286459886173e-06,7.11562948818775e-06,9.87849910987692e-07,6.02024281769771e-06,3.83315397497042e-05
0.000903625981059173,0.000107351497653344,0.000116169352087403,2.337631061963e-05,0.981364423132027,5.19762869972536e-06,0.0142223519302087,6.86107264981264e-06,0.00065203391379339,1.13876402491636e-05,1.12709784639745e-05,2.61092034805489e-06,1.56904303661389e-06,6.79747514981919e-05,2.4989780478713e-05,1.63712464130064e-06,0.00137197931428129,1.5507239917864e-06,0.000378153074880541,0.000725485829332082
8.00262545063126e-05,0.998958432538081,1.73923370578116e-06,0.00051212022285849,2.33630459630568e-05,5.60924348453764e-06,5.27079343403219e-05,4.24375059626925e-07,4.26609090466641e-06,6.97676205305578e-05,8.55746208381191e-05,2.26381018991967e-07,1.58467708023005e-07,1.36672595768589e-06,7.71919165613927e-07,1.68971565681375e-07,4.52439591531671e-06,1.56926878112448e-07,3.34805845575908e-06,0.000195246973062014
4.23416714613326e-05,1.26772525261087e-05,0.921976143039114,4.69179690473532e-06,0.00031656844543383,1.98278268798152e-06,6.42499133458231e-05,2.89474021605135e-05,0.00136754711501643,2.95932450795701e-06,2.88708126926982e-06,7.50766292398372e-06,3.65201442857964e-06,0.0319799966053581,0.000911117947990999,3.36661035678512e-06,0.00547026344085557,3.53193624339825e-06,0.0377654570834107,3.41108740042253e-05
6.67878477928365e-05,7.10973131625444e-06,0.000195352133438658,2.56867982050693e-06,0.000320995128044259,1.16293318756861e-06,8.48190109320205e-05,1.16777340401918e-05,0.997357396834281,1.72771726989035e-06,1.535402794504e-06,3.02357302939005e-06,1.53092805515288e-06,0.000159192722095291,7.2246348902786e-05,1.56622464433279e-06,0.00112632572707037,1.48808831405619e-06,0.000561888048774431,2.16051861962508e-05
1.84739292429373e-05,5.73350787856054e-06,7.4488757751923e-05,3.49065292340168e-06,2.40478450718069e-05,2.55687155634931e-06,1.55117438279199e-05,0.99015114750999,0.000111022771898299,2.89452176434294e-06,2.56407786356836e-06,0.00644717427274735,0.000596758554112661,0.000140630970415456,0.00154815586329628,0.000286944202362247,5.25037472466856e-05,0.000419209430147403,8.75160686317742e-05,9.17470127102075e-06
3.84645108107514e-06,1.54023193201488e-06,5.96684976449109e-06,1.11158419162138e-06,3.72522385244425e-06,1.03607338058497e-06,3.09369913185355e-06,0.00104199819326755,9.86172057834457e-06,1.03176459151875e-06,8.80778620731708e-07,0.0372933613544238,0.917618574929209,8.41044731037818e-06,2.82588081994296e-05,0.0209643384907231,5.64585689884149e-06,0.0229979535624723,7.35695757155598e-06,2.00702279907816e-06
1.43699711770125e-05,4.47068933711732e-06,0.956880201314496,1.81699053886467e-06,0.000103325737164236,7.64269009139745e-07,2.23522368207921e-05,1.35129599587651e-05,0.00036581371533558,1.13982302381998e-06,1.13832027569763e-06,3.44300722492727e-06,1.62767136135122e-06,0.0368591932625767,0.000440850514067054,1.44279312342812e-06,0.00213522067836241,1.55529977199968e-06,0.00313657887772108,1.11818686543927e-05
8.99044361094691e-06,2.76681617861723e-06,0.000298606432906255,1.42522364252508e-06,2.03205292495954e-05,8.66336398473194e-07,9.05886441851765e-06,0.00118881913384859,0.000139694475622188,1.07341961556449e-06,9.90085184536461e-07,7.65424149263651e-05,1.99303553323358e-05,0.00108906893485092,0.996813141064848,1.37583585685957e-05,8.70104784200611e-05,1.69380788472315e-05,0.00020563388805542,5.36466547514194e-06
3.79179292358068e-06,1.43289129126878e-06,8.1482936359616e-06,9.91066455297634e-07,4.10128209142385e-06,8.0665388695636e-07,3.11391900594249e-06,0.0149892904876475,1.26596964019584e-05,8.7009684509976e-07,7.6511549092545e-07,0.972864658265178,0.00703889622258583,1.25109576398907e-05,5.62085940248326e-05,0.00115492735229477,6.95426781998065e-06,0.00382821137277538,9.65508226330627e-06,2.0065897419161e-06
0.00273727947684704,0.000246393527957816,1.82609920966992e-05,4.87802733621166e-05,0.00393618970840039,6.0238043300967e-06,0.991610919341928,2.60645342283187e-06,9.1206504304616e-05,1.8760091710418e-05,1.96471652218435e-05,1.15762563149401e-06,7.51776913329625e-07,1.29294054381066e-05,6.11503830344862e-06,7.96898528835688e-07,0.000102595966514559,7.4546130288394e-07,4.35960454577524e-05,0.00109524444232748
1.463906990244e-05,5.0748560757291e-06,0.203006566423023,2.14567975623543e-06,7.94305223450014e-05,9.51713458356105e-07,2.00128311381143e-05,2.03527440334488e-05,0.000324832302242561,1.3914503167659e-06,1.37586044708894e-06,4.91631337377125e-06,2.26989742105264e-06,0.791314715322532,0.00128567333387663,1.96615012792305e-06,0.00116462594115549,2.15110565256753e-06,0.00273526707321732,1.16414099051505e-05
1.0332440248559e-06,4.38000559714977e-07,1.54225262033505e-06,3.2092018912236e-07,9.95421465025402e-07,3.00040325167033e-07,8.4534911523645e-07,0.000170879882802875,2.46244260871177e-06,2.98412242479877e-07,2.56361577517085e-07,0.00542442254846533,0.916277534723539,2.14254795050974e-06,6.50163594628273e-06,0.0143331528398259,1.48100477213492e-06,0.0637729585593806,1.8751821161838e-06,5.58630472731305e-07
1.96534001235504e-05,2.09115759884806e-05,1.21716170163349e-06,4.10583882208548e-05,4.23923591520874e-06,0.999664402061218,7.34459558493523e-06,8.38262095084848e-07,2.91949091935231e-06,0.000167212327599075,5.64773271000283e-05,5.80974386718701e-07,4.99094980262792e-07,1.08698032416556e-06,9.17766302345098e-07,5.88346093332761e-07,1.9495007082488e-06,4.74053524204347e-07,1.88881578370906e-06,5.74064143068954e-06
0.00359629271459198,0.000959958386986197,0.000400322264679644,0.000158045086529349,0.93402177143758,2.31180749579105e-05,0.0453405184234736,2.27847331492346e-05,0.0012708553741089,6.25124122469569e-05,6.73523873609972e-05,9.0579602859781e-06,5.47054215335125e-06,0.000239950808434045,8.0623470066537e-05,5.5587833127044e-06,0.0039553419607837,5.39609305321008e-06,0.00110537890049986,0.00866969018574579
0.00149238758652244,0.000202102961978422,0.00231309764332961,5.9345439023545e-05,0.823630251590093,1.64626315930668e-05,0.00722673205858941,5.10670331826621e-05,0.0120389329391422,3.07341908531237e-05,3.15764978360498e-05,1.72923998516696e-05,9.63692721778281e-06,0.00123781797807431,0.000295634524746031,9.5415885161623e-06,0.144545585961467,9.50152582010478e-06,0.00570427010552113,0.00107802841664247
4.88295888358541e-05,1.02031345688846e-05,0.00210157632198512,3.48342020411756e-06,0.00103214685369541,1.34137489208642e-06,0.000107379211093992,1.35307389194964e-05,0.0034350784457239,2.09435365381566e-06,2.04766199242608e-06,3.80085129932242e-06,1.94183426139503e-06,0.00122527904969133,0.000161571561351876,1.86115876087523e-06,0.989180241145848,1.91029148148164e-06,0.00262950699409478,3.61760076460837e-05
4.39958225005512e-06,1.80722786532114e-06,5.90684669421178e-06,1.31321597354693e-06,4.10468326056866e-06,1.26115111300562e-06,3.55072179336161e-06,0.000455721546399279,1.01561877116756e-05,1.23385076194489e-06,1.04771767861186e-06,0.00633253605575366,0.111469820222968,7.90315502364202e-06,2.28118843120874e-05,0.200435542903674,5.86770513959328e-06,0.681225222846156,7.48506965155827e-06,2.30742581982474e-06
3.93519468720921e-06,1.52138244165722e-06,9.54044539588138e-06,1.03108050756845e-06,4.44949155252088e-06,8.27691536050828e-07,3.31073278306986e-06,0.0143914747643402,1.37918964208267e-05,8.94545421939962e-07,7.90020192104589e-07,0.973203891573627,0.00776356776435088,1.53395932075578e-05,7.29440875252052e-05,0.00107337657680919,7.99121349103679e-06,0.00341834812902961,1.08275587640528e-05,2.14625791659195e-06
0.00698976253516648,0.000172818291575464,5.35129622360412e-05,4.45398537563941e-05,0.0183581734088836,8.93487895464141e-06,0.972320368810594,7.18846984547053e-06,0.000406408582630377,2.09253456950395e-05,2.06988349287006e-05,3.03443884176774e-06,1.92627617978518e-06,3.79205070575451e-05,1.85271622025959e-05,2.06675710497925e-06,0.000398341311264836,1.92682714613319e-06,0.00014121165799989,0.000991713087936334
5.78459589047491e-06,1.99445428742036e-06,0.0116546587888324,8.71704103947667e-07,2.87378061785643e-05,3.96161812430975e-07,7.87503032383259e-06,1.51562295791743e-05,0.00012918058641003,5.70982494542857e-07,5.63631090050851e-07,3.24711832773521e-06,1.40002302910021e-06,0.985558452224703,0.00163808050714748,1.17002875854392e-06,0.000362626491958239,1.32410582195187e-06,0.000583294679648919,4.61484960212918e-06
0.000128526148028701,2.89225091994415e-05,0.00176652886368531,8.97594304787924e-06,0.00574759437345553,2.70489112812312e-06,0.000361024204259738,1.42184672037614e-05,0.00201343487998298,4.81466745730409e-06,4.93616675384385e-06,4.49113666759865e-06,2.38466627131528e-06,0.000741502683718403,0.000112450143089201,2.27537913150631e-06,0.986525091810174,2.33245937289187e-06,0.00241292989349064,0.000114860713881902
1.36082025934557e-05,0.000100229831776808,4.76380103773182e-07,0.0117771164012768,2.72441222692872e-06,2.49926040782006e-05,5.64154432151822e-06,2.16093362073609e-07,1.01541406442543e-06,0.0194765533842783,0.968588483234571,1.37557437131665e-07,1.0683598118395e-07,4.11905995866377e-07,2.86284849152727e-07,1.1487489077035e-07,9.00303122273524e-07,1.03836076595567e-07,7.13578235067662e-07,6.16732075886023e-06
1.1002860465528e-06,4.71629593407315e-07,1.76791506336954e-06,3.36748215777234e-07,1.12680451306867e-06,2.95157170955213e-07,9.27839767938679e-07,0.000210028921547464,2.81087830498021e-06,3.03890772117537e-07,2.64721029726379e-07,0.00631347062949621,0.0777158518787208,2.49121552466178e-06,7.57400203706913e-06,0.0107957503648798,1.73328568201242e-06,0.904940945678745,2.13137556716165e-06,6.16777321794645e-07
0.000237151157078036,5.50082139950016e-05,0.0702681366514003,1.98552749236841e-05,0.00366206549627838,7.8044713951255e-06,0.000481471709822819,0.000105995612784018,0.01536001224914,1.21286073833422e-05,1.19045964268341e-05,2.8312606284899e-05,1.42075484030476e-05,0.0276133549166609,0.00187611488651998,1.32974822928695e-05,0.846520204095994,1.38151432463366e-05,0.033522217000614,0.000176942279356801
1.08944456315798e-05,8.13622135864921e-05,4.04828771868536e-07,0.0106452991674358,2.28334058065938e-06,1.98593366851508e-05,4.58691414874542e-06,1.86452595428425e-07,8.52404240224507e-07,0.0101629897330895,0.979063779967817,1.182431989825e-07,9.10245318930736e-08,3.53150050912027e-07,2.46284670822312e-07,9.70669032880318e-08,7.61682385846239e-07,8.83161701685125e-08,6.01833875674967e-07,5.14359363006666e-06
7.67237452694387e-05,0.000520530119091977,2.2809719206134e-06,0.048730226934831,1.34730083434287e-05,0.000131912804257044,2.84043212657801e-05,1.05016658879016e-06,5.15211024090946e-06,0.182588072537361,0.76785820341917,6.58556928397038e-07,5.07348090614044e-07,1.97353561279584e-06,1.38376979852062e-06,5.47445792583498e-07,4.36345118946666e-06,4.90975456482069e-07,3.49665852836659e-06,3.05481202627894e-05
5.8182085651312e-05,1.74025803596396e-05,0.166021763253367,7.29493511959171e-06,0.000283482703462878,3.47533281179976e-06,7.5124371613572e-05,0.000147634790881048,0.00191779934932415,4.86371251866049e-06,4.67930447107933e-06,2.9765636396993e-05,1.26885149222292e-05,0.791751771930572,0.0186281522142056,1.09766099122096e-05,0.00348345513284962,1.19674561228247e-05,0.0174881258581165,4.13942273213014e-05
1.40574436425696e-06,5.6185247769511e-07,1.74103630827871e-06,4.09849914173813e-07,1.24090351087009e-06,4.3820915955994e-07,1.09327548498018e-06,8.9489845608518e-05,3.15198332697638e-06,4.02441435702962e-07,3.31776989700411e-07,0.000647456681485608,0.00704036612749517,2.27405056459807e-06,6.3363106028099e-06,0.987131125020208,1.75455725155997e-06,0.00506744232041889,2.28057965592243e-06,6.97433737239625e-07
2.72500765699815e-06,1.07469408360941e-06,5.57367815640521e-06,7.43964930624596e-07,2.9501413913537e-06,6.15683108621298e-07,2.26923614769952e-06,0.00393763365937887,8.4728430094692e-06,6.52601181641889e-07,5.74173569776119e-07,0.971126000117914,0.0194187899972673,8.52416428677907e-06,3.50523049822528e-05,0.00140309319148631,4.98997327411573e-06,0.00403224694334311,6.53440065054943e-06,1.48322418083245e-06
0.000820199832019027,0.000161612829674722,0.0146952341877474,4.83100518389464e-05,0.0217256698699607,1.73085272071157e-05,0.00185598126684699,9.69594983219126e-05,0.0238861418667119,2.86975090516772e-05,2.74450846882893e-05,2.89122009366917e-05,1.55701111061945e-05,0.00545611391092834,0.000901954540595903,1.55554331932808e-05,0.874466556253996,1.51011776518199e-05,0.0551250972080637,0.000611578639459795
0.000120251756762884,0.00129447273485171,3.44450154359263e-06,0.507084334615354,2.15641698963368e-05,0.000121160461189199,4.68814974594311e-05,1.59814703573106e-06,7.7650283739652e-06,0.102207570805484,0.389016239924998,1.00043418358575e-06,7.67774263185553e-07,2.97182624448061e-06,2.09400589836485e-06,8.27167993090345e-07,6.65699719616871e-06,7.47100233902489e-07,5.39864989988451e-06,5.42524011384882e-05
0.00317630879940755,0.979378802468037,6.27958230073648e-05,0.00318658072790213,0.00100772869742633,9.93459057288037e-05,0.00213757497593031,1.27800526487528e-05,0.000171008762361365,0.00074685375254615,0.000779849927255122,6.359393704948e-06,4.32589417159864e-06,4.7063604207812e-05,2.57157822453765e-05,4.64999936919109e-06,0.000169967959030926,4.2817301105642e-06,0.000141961849763472,0.00883604389514512
2.57081000160029e-05,7.78689038719464e-06,0.941410681635521,2.98944284057088e-06,0.00019423477666209,1.34956528950762e-06,3.99821863719454e-05,2.37813146480459e-05,0.000793265468638298,1.94316609200088e-06,1.88445159942932e-06,5.82484112632799e-06,2.80310538615895e-06,0.0314946879850165,0.000897261133257929,2.54357977482511e-06,0.00331776987636145,2.64936675207492e-06,0.0217524821963718,2.037091788715e-05
8.79241320581243e-05,2.08264087861026e-05,0.0034022966381542,5.86851168333781e-06,0.000888997821118042,2.21652027563958e-06,0.000149654935340062,1.89996690303794e-05,0.00228693616103626,3.58465591013534e-06,3.34486506612103e-06,5.18926449248431e-06,2.63640654640564e-06,0.00117215754766357,0.000234018966137671,2.59655808286227e-06,0.00499228865531574,2.56400398738874e-06,0.98664668898803,7.12092912852159e-05
7.83178994250407e-07,3.34811067017572e-07,1.30700728561758e-06,2.44370988708687e-07,7.97194900473277e-07,2.2238871450017e-07,6.58057321877424e-07,0.000189331654426025,1.98394009254672e-06,2.2413299260762e-07,1.94907462367882e-07,0.0102640416354767,0.950650696846711,1.84519909686171e-06,5.8647556477e-06,0.00527987589924308,1.22445743283118e-06,0.0335983953013096,1.53640076259829e-06,4.3786007324582e-07
0.000113397502432229,2.38605031450612e-05,0.00111000718693573,7.49074369046564e-06,0.0089935820728597,2.29204067233717e-06,0.000378327286981768,1.3720329781188e-05,0.00224558955003754,4.09120501209999e-06,4.17062190122534e-06,4.37027900388706e-06,2.33458373511457e-06,0.000588855580537463,0.000108586400504664,2.24687739859606e-06,0.984166748111732,2.3118086432295e-06,0.00212368489084312,0.000104332424152058
3.0528989728331e-05,9.33653137015141e-06,0.877438116910806,3.58668252127769e-06,0.000209318860028516,1.52538081515708e-06,4.59448002644487e-05,2.83526680884813e-05,0.000841576066063607,2.26292287897721e-06,2.21856822058071e-06,7.02711913159977e-06,3.29181844665685e-06,0.102596835223015,0.00114841429491853,2.96188801277988e-06,0.0038159748125629,3.18968697621524e-06,0.0137850075868946,2.45291892556559e-05
5.28434858094146e-05,0.000682018425685326,1.59528254597293e-06,0.591921426989298,1.02147732984563e-05,3.92831018119014e-05,2.18921750694834e-05,6.82096616592397e-07,3.4577981424769e-06,0.0126910534628786,0.394539659492168,4.22010874516098e-07,3.19168228325462e-07,1.36895620215889e-06,9.26082061100144e-07,3.3906579282671e-07,3.12449393306937e-06,3.11190613798402e-07,2.43929150423381e-06,2.66226574656968e-05
3.44645349015027e-05,0.00113026730894159,9.41850510528133e-07,0.981439240042545,6.92326488069628e-06,1.54224006257706e-05,1.53384102319134e-05,3.68550113606909e-07,2.06788376902439e-06,0.00265205170730226,0.0146753645459469,2.22697550983559e-07,1.66009829041896e-07,7.98119159246412e-07,5.24353351291061e-07,1.76067268476558e-07,1.94138681032034e-06,1.62446560380259e-07,1.48694289130098e-06,2.20714768100734e-05
4.39918436254907e-05,0.00043649260007007,1.64563151311273e-06,0.0709214605101468,9.06121766219517e-06,8.15303686365766e-05,1.81840510261798e-05,7.61916682915245e-07,3.46626158107499e-06,0.128804743921137,0.799647137825494,4.88984207345173e-07,3.81314586426702e-07,1.42377384042226e-06,1.00208934888644e-06,4.11671238798337e-07,3.06343505894709e-06,3.71015990347284e-07,2.51211441556595e-06,2.1869453738798e-05
0.995682214037217,0.000631955388344119,2.74162963776993e-05,0.000256251774056112,0.00048941450867249,4.57892041022097e-05,0.0016691470729627,7.75991537428547e-06,0.000160419178043027,0.000150912115520411,0.000120090709398424,3.54145718522909e-06,2.33968377426003e-06,2.18360008763675e-05,1.37799443058934e-05,2.59501210503339e-06,8.15468663872374e-05,2.26788493447701e-06,6.16351367079769e-05,0.000569087813655081
3.6469197931023e-05,0.000240410794244632,1.25401419016158e-06,0.0199308794714747,6.83073760359555e-06,8.51212544180585e-05,1.39692866090134e-05,5.8879626328958e-07,2.71206122936478e-06,0.101442471998185,0.87821665407586,3.73678683413357e-07,2.89202657887448e-07,1.08581531302165e-06,7.666393935273e-07,3.11285340577123e-07,2.31247288804118e-06,2.79822309549979e-07,1.89480891092728e-06,1.53245864947152e-05
3.25578820125979e-06,1.36640065510079e-06,5.30302195264452e-06,9.99534757211277e-07,3.25779499479183e-06,8.74146484002685e-07,2.6697616284439e-06,0.0010940931285971,8.21871391561673e-06,9.04782984711886e-07,7.9006090444424e-07,0.0787160699908621,0.890076984557929,7.60397428452813e-06,2.5310347404387e-05,0.0077936906858031,4.99858065358659e-06,0.0222455509697235,6.27531973572365e-06,1.78243852884186e-06
1.1176025637592e-05,0.000104150787541521,4.05924937858698e-07,0.0211039558300634,2.36705920822988e-06,1.57964965751929e-05,4.77199931616518e-06,1.78724490971631e-07,8.52014571911139e-07,0.010056604143982,0.968691845068304,1.13119395368745e-07,8.69679928612294e-08,3.50438974065955e-07,2.39767270504179e-07,9.27210736076018e-08,7.76070365977193e-07,8.45630019729605e-08,6.07661350251926e-07,5.54461594661219e-06
1.36604189029583e-06,5.91213609039265e-07,2.34674184144017e-06,4.19717254258614e-07,1.43043088486414e-06,3.56692066981309e-07,1.16800197408117e-06,0.000324063011748332,3.53628270102644e-06,3.73428195248553e-07,3.28650717364453e-07,0.0131554689643971,0.0608781584315456,3.35000906766398e-06,1.05463969654934e-05,0.00549207787104306,2.22522317136731e-06,0.920118629878035,2.78019289506012e-06,7.82819996392123e-07
1.60841315144923e-05,1.84216714964999e-05,8.83357073683872e-07,3.67947258639852e-05,3.35965416536853e-06,0.999708020148227,5.93288536430587e-06,5.61696901083943e-07,2.14325978118857e-06,0.000147808608001297,4.96504411585686e-05,3.79629063369829e-07,3.19976479133662e-07,7.82425860529646e-07,6.41124904161902e-07,3.73135648232452e-07,1.46580925853362e-06,3.04611940132016e-07,1.38455291858358e-06,4.68815437918385e-06
3.99447009382094e-05,0.000227610225659317,1.56001955481053e-06,0.0145723855664573,8.03259084973324e-06,0.000130694329819798,1.57713860798175e-05,7.53856450528142e-07,3.31578108891142e-06,0.164846645316514,0.820127179949457,4.85459165430263e-07,3.78952962088736e-07,1.36493830715226e-06,9.70646708519024e-07,4.08001762827944e-07,2.83345761097301e-06,3.66625487695676e-07,2.31617935957577e-06,1.69820157657984e-05
1.56859988108925e-05,4.66018524941287e-06,0.967816062276588,1.8651297339815e-06,0.000106680121528075,8.06515415206982e-07,2.32132089215025e-05,1.38346612997721e-05,0.000440760750386036,1.19527132504922e-06,1.17335426964304e-06,3.4394239373491e-06,1.63083455504301e-06,0.0225130959447256,0.00049280435971165,1.45981209810652e-06,0.00158989878869339,1.5431676413224e-06,0.0069585631670691,1.16270280413134e-05
6.02987873574491e-07,2.47091397458861e-07,7.82784035138968e-07,1.78982571939014e-07,5.54033900889838e-07,1.80761436186332e-07,4.81455547257171e-07,4.26273893441435e-05,1.38262262570437e-06,1.72096722189478e-07,1.43771263650223e-07,0.000400565357981084,0.00646663839359742,1.03327765697271e-06,2.8637569827142e-06,0.986374042490214,7.99264610038756e-07,0.00670537747542651,1.01490836963636e-06,3.11098444054446e-07
0.000113907335811117,3.31301019160708e-05,0.0400151414828674,1.45448782658914e-05,0.000424153793340157,7.20297952153048e-06,0.000135878218784784,0.000633742155423593,0.00318394953700002,9.89679152401656e-06,9.40400070021583e-06,0.000102053456871714,3.90448775373299e-05,0.83593754399371,0.105695115413317,3.2286106787191e-05,0.00382815294020865,3.64426677061298e-05,0.00967324130472481,7.51679639822718e-05
9.40502857579796e-06,3.24498481390402e-06,2.64802888669968e-05,2.09685754636938e-06,1.10618758624236e-05,1.64788819307671e-06,7.79351943992299e-06,0.949552145819013,4.23164635855287e-05,1.79545370103735e-06,1.57779855184561e-06,0.0459685397795295,0.00198434015760723,4.3555671378327e-05,0.000259220250289952,0.000699129692320923,2.11130901022951e-05,0.00132809577493523,3.15973410346314e-05,4.84226465162802e-06
6.95188159537541e-07,2.83920239575688e-07,8.55890733882871e-07,2.0563128951387e-07,6.28322470343692e-07,2.05178072404977e-07,5.52011840200376e-07,4.95222100293854e-05,1.53289102350426e-06,1.96022739190416e-07,1.64414022887547e-07,0.000489959630687656,0.00742831900036819,1.1387871194064e-06,3.13577752052442e-06,0.98188802194052,8.78145158064307e-07,0.010132236780474,1.1113641608649e-06,3.56893370782685e-07
0.000152562814603572,3.82684473954766e-05,0.0190431069524358,1.30114162461284e-05,0.00286011497630339,4.45938684007691e-06,0.000340804519967287,4.58025777605261e-05,0.0046711967376121,7.44275948456872e-06,7.49827124388738e-06,1.31379608517706e-05,6.60130531691773e-06,0.0076873045609125,0.000599966678893389,6.1359281227293e-06,0.953547977443167,6.47975510488518e-06,0.0108202097167006,0.000127917791037608
0.000757332544099533,6.05136834403642e-05,1.00386222603616e-05,1.24762167785579e-05,0.00362552478032153,1.90582331179696e-06,0.995004105461069,1.21616248975057e-06,5.3543094786445e-05,5.19193836947322e-06,5.36063826458298e-06,5.1967385705307e-07,3.31715836131632e-07,6.83447357507878e-06,3.12092801632559e-06,3.51967963442188e-07,6.59713895678685e-05,3.30197572041044e-07,2.54361086639985e-05,0.000359894579757046
3.48357987938623e-05,1.30613808132384e-05,6.38270972533487e-05,9.00029514593627e-06,3.49418793773052e-05,8.18456475535262e-06,2.75599889337402e-05,0.0236589667160951,0.000106692645202707,8.25987572630256e-06,7.02547334840513e-06,0.583439836432532,0.299781449331923,9.32169645167619e-05,0.000380972963605878,0.0431367139281584,5.72172494631453e-05,0.0490391116473399,8.14373821087638e-05,1.76883849072389e-05
7.0769663867094e-07,2.97863382357038e-07,1.00890994724119e-06,2.13426571412802e-07,6.88564522269353e-07,1.94720025392492e-07,5.85385532425356e-07,8.60736746853648e-05,1.68517429240345e-06,1.95863519846477e-07,1.68295809675401e-07,0.00146246586514241,0.0139676818371142,1.38259806239563e-06,4.06607315324116e-06,0.00968209692660188,1.0134668571884e-06,0.974787828049332,1.26117881723097e-06,3.8442999193051e-07
1.34228801297607e-06,5.51714156001553e-07,1.61547209921494e-06,4.09319836475961e-07,1.17202221541526e-06,4.29145404313202e-07,1.0492435824387e-06,7.94875299362879e-05,2.87601401829401e-06,4.01652963570122e-07,3.32595752884186e-07,0.000680738471502244,0.0139098057162371,2.12286115378045e-06,5.7702068883554e-06,0.979022360467126,1.63836251661181e-06,0.00628513038548961,2.08900312945817e-06,6.7752797899897e-07
0.00752504140286524,0.117394284498255,0.000161576439470274,0.772374921788647,0.00193983237960812,0.000735803085826971,0.00440643776405671,4.37136480695726e-05,0.000359973689232017,0.0182903156499458,0.0700757567042167,2.38612205480077e-05,1.65575622932777e-05,0.000132100068452703,7.42262976961751e-05,1.69667350314776e-05,0.000400281651506639,1.62575712457791e-05,0.000249370210746548,0.00576272163228584
4.19662318082372e-05,0.000823417087698387,1.19449661539889e-06,0.931181049765605,8.00117457650563e-06,3.07836030160478e-05,1.76921698275303e-05,5.06889511192172e-07,2.65656818266322e-06,0.00963934132941952,0.05822392082432,3.1331714065609e-07,2.38142782747938e-07,1.02194290565837e-06,6.91904120933276e-07,2.55449804107968e-07,2.37972352674211e-06,2.33348488196986e-07,1.86423825421407e-06,2.24717923964326e-05
2.74231726305988e-06,1.16805594552088e-06,5.77567596374308e-06,8.16547204910177e-07,3.06493393037962e-06,6.59760788121209e-07,2.35538974404621e-06,0.00251730216246686,8.15731546554085e-06,7.10310815697521e-07,6.33130140849092e-07,0.946362324856054,0.0303701792359528,8.6796139419704e-06,3.24995802172023e-05,0.0020682021968968,5.1287449608834e-06,0.0186014626897097,6.53964017820947e-06,1.59784235978471e-06
2.12214643376658e-06,6.36397733880225e-07,0.000107256429483572,3.14246440060442e-07,5.48221369018803e-06,1.8400051447794e-07,2.2426282384901e-06,0.000110897923814749,4.05077040536468e-05,2.32456582816535e-07,2.14845710551114e-07,1.04335981007779e-05,3.12312728577908e-06,0.000427877851492858,0.999176562019978,2.32723125658093e-06,2.71529813973402e-05,2.79188778003661e-06,7.83494919197182e-05,1.29081809264597e-06
9.82192282343142e-07,4.16388402980474e-07,1.51438714777382e-06,3.01805779471704e-07,9.6087647890697e-07,2.82288420698803e-07,8.08351855838973e-07,0.000191914046355772,2.42301132318642e-06,2.80010409418091e-07,2.40727977939242e-07,0.00746180805634636,0.95205370980228,2.11356120649012e-06,6.59401678195833e-06,0.0128854031909212,1.4499298973177e-06,0.0273864203676327,1.83942641872828e-06,5.37562080944741e-07
0.857755001671013,0.000760040135000027,0.000134073631775654,0.000220435770701148,0.0113869070930582,4.26887189362229e-05,0.124534930082026,2.41474206089179e-05,0.00100210617318794,0.000108491439167719,0.000100917284514208,1.02808071872267e-05,6.54148590888182e-06,9.89776546217966e-05,5.39899218366225e-05,7.09199775144066e-06,0.000683079925077741,6.47002724107529e-06,0.000355118326378994,0.00270871043400717
9.93936115351663e-06,1.00415316627112e-05,6.13465201908317e-07,1.86098420000945e-05,2.16853469435361e-06,0.99985121878086,3.72000727742734e-06,4.08309117033624e-07,1.47380396732672e-06,7.02832400453311e-05,2.47066215580236e-05,2.77185418916206e-07,2.34573091654348e-07,5.48397160256503e-07,4.58376416252482e-07,2.74044148852722e-07,9.9333974628672e-07,2.22569517987291e-07,9.48515251012807e-07,2.85950171135353e-06
0.000633054383458708,0.00771829659776445,1.69177366176607e-05,0.266581802396286,0.000103908442214629,0.000730305235866219,0.000216729307355838,7.70361394591535e-06,3.98750371326568e-05,0.593924563101832,0.129646361923424,4.76813270482739e-06,3.66495509377731e-06,1.45892095993649e-05,1.03046910803951e-05,4.01164587008013e-06,3.32464464018163e-05,3.5653361564746e-06,2.75142440013448e-05,0.000278817563193413
2.5702581035147e-06,1.09426939938552e-06,3.88897583553068e-06,7.96159995930569e-07,2.53059748691514e-06,7.4268636434625e-07,2.131996604631e-06,0.000333011783775097,6.22331585019568e-06,7.37419669177401e-07,6.34818482188073e-07,0.00653555497612043,0.285598751099207,5.34919341413962e-06,1.56363718092519e-05,0.124132286942265,3.79745104373433e-06,0.583348138470807,4.7169727553581e-06,1.4062410117015e-06
4.37883698208608e-05,9.97645327805566e-06,0.00186828263476044,3.29625681911237e-06,0.00125311368367446,1.13047753195269e-06,0.00010691787572094,9.907956269478e-06,0.00206334776196669,1.87814430854443e-06,1.88634105336225e-06,2.89557022577856e-06,1.47481257169585e-06,0.000944375910788963,0.000112624977803251,1.3992206552929e-06,0.991352665273779,1.45813744002923e-06,0.0021825461281784,3.70340133537986e-05
1.59146073243194e-05,3.94579400095993e-06,0.00648160568627889,1.318307215778e-06,0.000156215103384573,5.41383714851824e-07,2.55819424268166e-05,5.94001706437729e-06,0.000652060972383751,8.30902579564451e-07,7.90715141445094e-07,1.53248417919957e-06,7.65326864495375e-07,0.00141609814077954,0.000132233313438641,7.29873678700856e-07,0.00189282371795944,7.31800084169832e-07,0.989198577395758,1.17625157422284e-05
8.32145191942108e-06,2.71063288406657e-06,3.86661595216126e-05,1.60147054266937e-06,1.15252885957474e-05,1.13838494520521e-06,7.16261345015636e-06,0.995773040521006,5.28624516628345e-05,1.31047822705467e-06,1.16468610634165e-06,0.00267815825220951,0.00027382228367339,7.26251587279295e-05,0.000658709663049114,0.000133532353953775,2.66314879176115e-05,0.000207774889615313,4.48321201062584e-05,4.40965188586505e-06
5.85278975226109e-05,2.06827280633434e-05,0.000129362763070595,1.36988086740297e-05,6.22116232995377e-05,1.20207527142696e-05,4.70089169086613e-05,0.0802905086066708,0.00021166755407094,1.22868502771543e-05,1.05090162766386e-05,0.776301588421826,0.0846953735058156,0.000195431572075918,0.000907540095922715,0.0257274692061515,0.000110391172635122,0.0310017607757302,0.000162677917062042,2.92818152327558e-05
5.94393800642777e-05,1.70588173148624e-05,0.913990824986158,6.42304144623455e-06,0.00053434857272287,2.53539989420834e-06,9.76213413162641e-05,3.59956704443276e-05,0.0016607543547756,3.95639982193432e-06,3.9198848187004e-06,9.22142229824024e-06,4.46971714166102e-06,0.0529704177138892,0.000994432663206954,4.04709363447188e-06,0.0130472042524466,4.28877756629191e-06,0.0165063326885221,4.67078225174963e-05
5.64128311933507e-05,1.63380806221295e-05,0.755688973306447,6.68119226672394e-06,0.000305247372255175,3.23519002249497e-06,7.55965260603586e-05,8.39058228428337e-05,0.00206567352539707,4.51011989726537e-06,4.30286623719327e-06,1.90546883745407e-05,8.7839449667272e-06,0.198745764140912,0.00576189026034555,7.83998943344791e-06,0.00411034634991108,8.25048428234584e-06,0.0329875064701602,3.96868383721874e-05
1.92852695793577e-06,7.86802570136583e-07,3.08342806646473e-06,5.54234859449049e-07,1.95043476060356e-06,4.75642654126615e-07,1.60442574322114e-06,0.000423297487969703,5.04783537459533e-06,4.96391424953986e-07,4.31208646737216e-07,0.00927363212578354,0.0284156138899134,4.358092381845e-06,1.37074814252054e-05,0.00981511375168614,3.00895590836754e-06,0.952030088100686,3.77831626466655e-06,1.04286692272923e-06
3.92183615988973e-06,1.59217421496267e-06,7.98254192393038e-06,1.09188662275297e-06,4.33652266860178e-06,8.80435298786665e-07,3.32898743149716e-06,0.00436097304997831,1.22613852135496e-05,9.50669518897156e-07,8.40411705147113e-07,0.939170700521971,0.0278683768305769,1.20433401186454e-05,4.58479832984552e-05,0.00317420634914826,7.27912364328273e-06,0.0253118609278291,9.31805507927381e-06,2.20696759832829e-06
0.000165265011946481,0.000298264663467081,7.98734012785569e-06,0.000889174765696073,3.40460468793389e-05,0.99189179673959,6.23303717810616e-05,4.3344943007068e-06,1.8245855049281e-05,0.00504517581452038,0.00148137107262656,2.86181080156264e-06,2.34405657356047e-06,6.9562009984128e-06,5.31665226113488e-06,2.65396199199733e-06,1.36980473789479e-05,2.2438166134398e-06,1.22335807529248e-05,5.36996966427261e-05
3.23960833333243e-05,7.50706755463095e-06,0.00814570004374099,2.69791244094382e-06,0.000186318155428176,1.29082285170583e-06,4.36830723845658e-05,3.03225855585805e-05,0.00142520866935796,1.83024224163991e-06,1.68115691570066e-06,6.83219662941647e-06,3.21368458217789e-06,0.00328765545583862,0.000884982666490454,3.06994632839739e-06,0.00157032507133435,3.05086069757989e-06,0.984341183482555,2.10508237357313e-05
6.87704319837736e-06,7.65622015780826e-06,4.21470790508814e-07,1.47048771273957e-05,1.51073048236053e-06,0.999882635376656,2.61469625615523e-06,2.73193536476697e-07,9.97657249280885e-07,5.7516903507023e-05,2.00424397244555e-05,1.87045935698764e-07,1.59388957318004e-07,3.74006091475453e-07,3.08842855995987e-07,1.86681146594866e-07,6.83480482624165e-07,1.51721257509896e-07,6.50448983033175e-07,2.0477756035462e-06
0.000167747818659646,0.997999423754151,3.15914694404183e-06,0.000925872321143818,4.79266980205479e-05,9.65632472352959e-06,0.000115333416995666,7.61836023006067e-07,7.92694762761374e-06,0.000117159260422199,0.000145325357793396,4.02659127635866e-07,2.80878106313685e-07,2.48887364433381e-06,1.38603146735347e-06,2.98880240180855e-07,8.52469119334877e-06,2.7780895405047e-07,6.04630068788518e-06,0.000440000994074582
6.90737300896176e-05,0.998856302209992,1.63486993005066e-06,0.000608844535540232,2.35517249881832e-05,5.20808865136723e-06,5.4121071673722e-05,4.02435036905261e-07,3.90425804330237e-06,6.83458759422594e-05,9.16600493029199e-05,2.16417868021277e-07,1.5206206346537e-07,1.28157063633821e-06,7.20057380890921e-07,1.61556034804067e-07,4.32880940030903e-06,1.51052481745505e-07,3.05216896505438e-06,0.000206887455978877
3.12750306894022e-06,3.87566739415324e-06,1.92754496386055e-07,8.79798564764272e-06,6.9523542336232e-07,0.99992774265143,1.20757303903701e-06,1.24775072971751e-07,4.4584878330547e-07,3.87084455330275e-05,1.28838196761723e-05,8.5477256349657e-08,7.23112977062006e-08,1.71696312250405e-07,1.40764868535385e-07,8.3577390265196e-08,3.13013831920364e-07,6.87794566870762e-08,2.92965683515253e-07,9.69154337788384e-07
2.6246080980064e-06,1.06395701765004e-06,3.28942331708681e-06,7.55211439251235e-07,2.42002486054267e-06,7.2451729743213e-07,2.10551658508793e-06,0.000228768653010863,5.99398580989293e-06,7.08281218327353e-07,5.96372726035345e-07,0.00233176248237517,0.0226710269539089,4.42326156109067e-06,1.26334251543841e-05,0.918543530599178,3.41174302290594e-06,0.0561784935097779,4.31283381322473e-06,1.35463982853135e-06
0.000672611854821057,8.18493198345323e-05,0.000199370585191789,2.14720160852383e-05,0.984478387700946,4.65477055991699e-06,0.0071072279688015,9.0932131594534e-06,0.00101255504205267,9.94811867152531e-06,1.05643238013731e-05,3.3518319653904e-06,1.93276830161872e-06,0.00012033005220559,3.83562380898081e-05,1.93206491710726e-06,0.00519774068719048,1.93222714712821e-06,0.000489509593010327,0.000537179623247684
0.000618192344913101,8.40857794745198e-05,0.000152638495830839,1.87269579367612e-05,0.989362921831119,4.08198586092433e-06,0.00570417327860233,6.71822676726903e-06,0.000795362404449488,8.92664186547878e-06,9.05387944763685e-06,2.42033572676845e-06,1.41559468852402e-06,8.95051670645782e-05,2.83042887431557e-05,1.44127974131854e-06,0.00205885023831655,1.39258850771897e-06,0.000486310449367445,0.000565478231576708
9.30533441838133e-06,2.88666197765081e-06,0.969453992055735,1.17026331386464e-06,6.3464581067902e-05,5.14283331775494e-07,1.38633996127522e-05,8.8202958503037e-06,0.000260742387917262,7.53295032207398e-07,7.39608498526342e-07,2.21751026931261e-06,1.05351597132818e-06,0.0255587610468419,0.000334789813347361,9.43315355302242e-07,0.00120825833023759,1.00692457270622e-06,0.00306967806617016,7.03931047876488e-06
2.97898687390026e-05,0.000324818501123722,1.02415873703159e-06,0.123628176463956,6.4071031130653e-06,2.55259762556594e-05,1.33460438388434e-05,4.38931357715166e-07,2.15593460140454e-06,0.00769210553210932,0.86825452528586,2.73457981428755e-07,2.06994830468831e-07,8.8244317113727e-07,5.96728318783429e-07,2.18560470591021e-07,1.99031142207075e-06,2.01781401943007e-07,1.53388398652932e-06,1.57820387254247e-05
0.000131436387464469,1.51225832907111e-05,0.000749039439163407,5.75430644532935e-06,0.000446285834635742,2.99755287552206e-06,0.000138207967461573,5.31448563206271e-05,0.993187166443199,4.05719803546198e-06,3.56270826631952e-06,1.20170721525398e-05,5.77644970657042e-06,0.000654126549839682,0.00039690653656127,5.84915413096466e-06,0.00168943782800586,5.5076468841987e-06,0.00245089625315106,4.27072324098397e-05
5.86790374913265e-05,9.13147802250661e-05,3.02348503515467e-06,0.000223437019656769,1.24802000630385e-05,0.998226927288537,2.22001784371595e-05,1.62125554166667e-06,6.89274136995546e-06,0.000986412387423352,0.000330172848408192,1.06457714298981e-06,8.71931115428401e-07,2.63427306803348e-06,2.01400479052317e-06,9.90371425796904e-07,5.14897085912005e-06,8.34239709196609e-07,4.61974704120862e-06,1.86606626591275e-05
0.000215542934864675,0.00188186104153095,5.7680253213956e-06,0.0515549113942995,3.48344940128079e-05,0.000389543892705842,7.49255721346839e-05,2.78341393960269e-06,1.37624724317251e-05,0.889262633943041,0.0564383996929056,1.77582096585225e-06,1.40051393353562e-06,4.96768155091275e-06,3.60096692963534e-06,1.55297715892433e-06,1.12522834776619e-05,1.36094059962644e-06,9.42009955834698e-06,8.97018386380381e-05
2.13316543357573e-05,6.89045113154485e-06,0.01422577102143,3.10873247693198e-06,8.76950407458583e-05,1.49770574266672e-06,2.66458105981336e-05,9.61316031892249e-05,0.000528318352590439,2.09276216505491e-06,2.03171862709732e-06,1.69107776022281e-05,6.73505800076897e-06,0.960118492430852,0.0221137065429492,5.49651776300502e-06,0.000847757534146763,6.2993141917821e-06,0.00186775143732114,1.53355341405188e-05
8.80166462673564e-06,1.20016951397722e-05,4.88443960678072e-07,2.93234600262838e-05,1.87353502029438e-06,0.999753338763267,3.34211502938164e-06,3.05017593564868e-07,1.13886507880466e-06,0.000139561615875326,4.4000740452258e-05,2.07711999947559e-07,1.74756883891594e-07,4.33306496438258e-07,3.5029152659825e-07,2.01597083973041e-07,8.10258670320228e-07,1.6652332581998e-07,7.48785696807827e-07,2.7308522463707e-06
0.00103504825463867,0.142925104984404,2.32979775325964e-05,0.813225769153603,0.000205443851807868,0.00027501227806691,0.000471935036997656,8.36391861919941e-06,5.50014606291412e-05,0.014753523244961,0.0260194474373724,4.8957836470681e-06,3.58217190037811e-06,1.95653221713383e-05,1.25059757536264e-05,3.81802313891679e-06,5.19057402887412e-05,3.5276879973818e-06,3.93298581959212e-05,0.000862921838274536
1.13751714817019e-06,4.73639581335646e-07,1.80534152971768e-06,3.39231386811095e-07,1.13740824216029e-06,3.02759475876317e-07,9.44419655354018e-07,0.000237894175588135,2.89026124755203e-06,3.08280188773229e-07,2.67472612295749e-07,0.00799948764775472,0.0596861406374924,2.53543695421339e-06,7.98867462730027e-06,0.0101899009644465,1.72219126610612e-06,0.921861905940056,2.19716315658158e-06,6.20837590140275e-07
5.93793149593416e-07,2.51851032999456e-07,8.90557918787689e-07,1.80429815825872e-07,5.90888223859663e-07,1.62733206930899e-07,4.95891096007108e-07,9.63768111975232e-05,1.46264943185897e-06,1.64526269182356e-07,1.42317670341759e-07,0.00226765269777308,0.0149732550657397,1.24258032368189e-06,3.75569108566121e-06,0.00517861872964482,8.87466053088089e-07,0.977471857740476,1.09045159987413e-06,3.27128291252811e-07
7.67373042277168e-07,3.24094007933016e-07,1.07239925746529e-06,2.34847566652143e-07,7.39776955462751e-07,2.20564198916574e-07,6.3406219415864e-07,8.22856928686222e-05,1.78004105699953e-06,2.17378637675271e-07,1.86583054463212e-07,0.00139312461047632,0.0184281175397125,1.46153262523929e-06,4.1656707498179e-06,0.0143032352003671,1.07988581295482e-06,0.965778603951579,1.33265587941314e-06,4.16139956658838e-07
4.08763846224912e-05,1.14347169453603e-05,0.0246999983994123,4.96160870507914e-06,0.000191476085351166,2.27682156664674e-06,5.29442965738007e-05,0.00010905789186881,0.00144285026407435,3.2855800663789e-06,3.1766617055617e-06,2.00940027394535e-05,8.36738168347339e-06,0.955865870738038,0.0115041579068932,7.1646000925307e-06,0.00220056810345596,7.93789616388261e-06,0.00379615386904736,2.73467909935926e-05
1.76891460791933e-05,5.85689960856499e-06,0.146150611406606,2.43018376185168e-06,0.000106595499370664,1.07836828771434e-06,2.513334977256e-05,2.58410200431444e-05,0.000456250249548369,1.57109927772302e-06,1.54719197762204e-06,6.0313627463743e-06,2.76293294838169e-06,0.845286643176232,0.00210510312756635,2.38798502397045e-06,0.00160898309550532,2.60378624957537e-06,0.0041767440777044,1.41360416903145e-05
0.0121492948823456,0.00029520879604537,3.72516213049171e-05,6.85434577920327e-05,0.0081224964261985,1.12955715688019e-05,0.977173919341186,5.52961769958643e-06,0.000249261006734467,3.00554160033863e-05,2.96906884687094e-05,2.42176926609225e-06,1.56303387351947e-06,2.65133338942914e-05,1.33006587767951e-05,1.67449129225271e-06,0.000224558673249891,1.55221028165452e-06,9.51363993298702e-05,0.00146073260468791
1.18338336913444e-06,4.86551035455734e-07,1.70808402362419e-06,3.48914028000604e-07,1.1545970875886e-06,3.19126427529507e-07,9.783773381049e-07,0.00016416522044414,2.86980042034834e-06,3.20101122519439e-07,2.75196996370179e-07,0.00295300074117603,0.0286545116573867,2.3431669266814e-06,7.01618222373522e-06,0.0210453288017734,1.70347773074525e-06,0.94715951419658,2.1394124641946e-06,6.33011445659557e-07
6.93442280130027e-06,2.90928954447511e-06,1.2491118370924e-05,2.04594188852276e-06,7.40395337566796e-06,1.68004174550912e-06,5.87207696306496e-06,0.00359334744410388,1.88296470509171e-05,1.79107521307579e-06,1.58526536174313e-06,0.721322241327876,0.1590899406168,1.8240191565941e-05,6.26001210173145e-05,0.00909454642481179,1.18137308065085e-05,0.106727046680507,1.47409838668485e-05,3.93964632928908e-06
6.78035001147944e-21,9.65105918574249e-21,1.22210892181249e-22,5.26822564904329e-22,9.21571666137027e-21,3.76489917550487e-23,1.73136129299809e-20,1.601746517217e-23,4.3756473827569e-22,1.52571199807361e-22,1.67450344405139e-22,7.05948458971878e-24,4.46373913978688e-24,8.76527280123344e-23,4.00921146372785e-23,4.63279962075035e-24,5.79885967181031e-22,4.43830551140287e-24,3.10352092366268e-22,1
